Words,anger,disgust,fear,joy,sad,surprise
europe retain trophy with big win,0,0,0,0.8721,0,0.1279
senate votes to revoke pensions,0.1625,0,0.225,0,0.4375,0.175
the amounts you have to pay for a bomb scare,0.1056,0.169,0.5282,0,0.1549,0.0423
pair of satellites will document sun in d,0,0,0,0.5733,0,0.4267
malaysian airasia x to fly in july,0,0,0,0.7358,0,0.2642
dow hits new record eyes,0,0,0,1,0,0
bathing mom awakes to find baby dead,0.0116,0,0.185,0,0.5376,0.2659
we re a pretty kind bully,0,0,0,1,0,0
women in their s are perfectly good mothers,0.1557,0.1557,0.1885,0.1967,0.2131,0.0902
hands on doomsday clock move forward,0.1176,0.0686,0.3529,0.1667,0.1961,0.098
italy to hold no show trial of bronx gi in iraq slay,0.2276,0.1707,0.2033,0.1382,0.1382,0.122
what the godfather of soul meant to me,0,0,0,0.625,0.375,0
snow begins heavy accumulations expected,0.0308,0,0.5692,0.0615,0.1692,0.1692
millionaire secret santa dies,0,0,0,0.022,0.8242,0.1538
martian life could have evaded detection by viking landers,0.1176,0,0.0588,0,0.1176,0.7059
gunman was srebrenica survivor,0.0519,0,0.2468,0.0909,0.2208,0.3896
world tourism sets record in,0,0,0,0.7237,0,0.2763
earthlink ceo dies at age,0,0,0.1102,0,0.7458,0.1441
goal delight for sheva,0,0,0,0.7099,0,0.2901
late penalty costs roma the points,0.0417,0,0.1458,0,0.5625,0.25
house of cards actor ian richardson dead,0,0,0.0737,0,0.8526,0.0737
even before its release world climate report is criticized as too optimistic,0.2435,0.1478,0.287,0,0.1913,0.1304
mln birds to be vaccinated from bird flu near moscow,0,0,0.19,0.42,0.05,0.34
speaker hastert testifies before panel probing sex scandal,0.2195,0.439,0,0,0.3415,0
we lit our last candle yesterday,0.0455,0,0.2273,0,0.7273,0
putin vows to tackle illegal immigration,0.3333,0.2333,0,0,0.3333,0.1
mideast summit edns with little progress,0.1081,0.1081,0.1216,0.1622,0.4865,0.0135
deadly bird flu confirmed in british turkeys,0.015,0.0075,0.5263,0,0.2707,0.1805
an iphone by any other name surely not,0,0.0612,0,0.2653,0,0.6735
will north korea honor pledge this time,0,0.1163,0.2791,0.3256,0.0233,0.2558
nasdaq lse battle nears deadline,0,0,0.5532,0.1702,0,0.2766
combative bush releases parts of terror study,0.281,0.1405,0.405,0,0,0.1736
iraq car bombings kill people wound more than,0.124,0.1047,0.3256,0,0.3682,0.0775
comedian says government silences critics,0.0769,0.2115,0.1154,0.1346,0.25,0.2115
pamuk wins nobel literature prize,0,0,0,0.899,0,0.101
bill gates and craig mundie vista is secure employees are not,0.1667,0,0.1875,0,0.1875,0.4583
psp number one sony platform in japan,0,0,0,0.6809,0,0.3191
at new ozzfest freedom ain t free,0.2683,0,0.122,0.1463,0.0244,0.439
ecb holds rates at percent,0,0,0,0.7826,0,0.2174
princess and heir of franz ferdinand fights to repeal a law and gain a castle,0.3333,0.0303,0.0808,0.3939,0,0.1616
eu will urge china to go green,0.129,0,0.0806,0.5484,0.0484,0.1935
new indonesia calamity a mud bath is man made,0.2727,0.2172,0.2172,0,0.2172,0.0758
tom cruise and katie holmes set wedding date,0,0,0,0.7671,0,0.2329
hatton hands back ibf title again,0.0426,0.1064,0,0.3617,0.3404,0.1489
secret hotels in irish countryside,0,0,0.0417,0.0625,0,0.8958
officers had rapport with alleged abductor,0.2574,0.3015,0.1176,0,0.1691,0.1544
iran and nicaraguan leaders meet,0.0455,0.0303,0.2576,0.3333,0.1515,0.1818
yankee dies in plane crash official says,0,0,0.0882,0,0.9118,0
mickelson sutherland share lead,0,0,0,0.8605,0,0.1395
apple drops bombshell with iphone,0,0,0.0753,0.3978,0.1183,0.4086
iran to strike us interests if attacked,0.322,0.0593,0.3983,0,0.1864,0.0339
dr mcdreamy choked in grey s scuffle,0,0,0.2581,0,0.5269,0.2151
gunmen abduct filipino woman in nigeria,0.186,0.0872,0.3372,0,0.2965,0.093
escape to prague without the summer hordes,0,0,0,0.5862,0,0.4138
confusion reigns in the expanding digital world,0.1579,0,0,0,0,0.8421
alaska s northern lights captivate japanese,0,0,0,0.65,0,0.35
riot warning for france suburbs,0.2857,0.1677,0.1925,0,0.3292,0.0248
hussein s niece pleads for father s life,0.1513,0.1597,0.1429,0,0.4454,0.1008
nadal wants australian open crown,0,0,0,1,0,0
blog here come the globes,0,0,0,0.8167,0,0.1833
dispute over iraqi cleric said to have gone to iran,0.3494,0.0241,0.3373,0,0.0241,0.2651
thai govt moves to smooth over relations with south,0,0,0.0323,0.6935,0.0323,0.2419
rwanda mulls three child limit,0,0,0.0411,0.3288,0.1918,0.4384
beware of peanut butter pathogens,0,0,0.4868,0.0789,0.2237,0.2105
celebrities protest malibu gas facility,0.3165,0,0,0.3418,0.3418,0
freed muslim terror suspect says britain is police state,0.1532,0.1892,0.5495,0,0.1081,0
happy birthday ipod,0,0,0,0.9595,0,0.0405
advantage cardinals with suppan in game,0,0,0,1,0,0
vegetables may boost brain power in older adults,0,0,0.0926,0.4444,0,0.463
matt shines with his alpine finish,0,0,0,0.96,0,0.04
japan s economy grows,0,0,0,0.8052,0,0.1948
believing scripture but playing by science s rules,0,0,0,0.2353,0,0.7647
pig cells hope for diabetes cure,0,0,0.0385,0.4487,0.0256,0.4872
vaccines mandate or choice,0,0,0.3846,0.0769,0.0769,0.4615
tbs to pay m fine for ad campaign bomb scare,0.1359,0.1739,0.2446,0.0598,0.1522,0.2337
bombings say muslim rebels won t negotiate,0.3137,0.098,0.3203,0,0.1699,0.098
u s diverts troops to fight taliban,0.2727,0,0.2545,0.1364,0.1818,0.1545
livingstone s transport empire may extend,0,0,0.1636,0.6727,0,0.1636
time to book your cruise,0,0,0,0.7031,0,0.2969
us helicopter crash kills troops in afghanistan,0.0968,0.0968,0.2065,0,0.5871,0.0129
at least die as blast levels baghdad market,0.1106,0.0783,0.318,0,0.4147,0.0783
cartoon network head steps down,0,0,0.1477,0.0455,0.4886,0.3182
russia condemns terrorist acts on buses outside beirut,0.2327,0.0881,0.2704,0.0818,0.2956,0.0314
ice storms kill across nation,0.0468,0,0.3158,0,0.5439,0.0936
paula abdul i have never been drunk,0.0278,0.1111,0,0.1667,0.0278,0.6667
bookworm adventures wordsmith s joy,0,0,0,0.9383,0,0.0617
new cancer drug to save a thousand lives a year,0.025,0,0.0417,0.5417,0.0417,0.35
park stars as united maintain lead,0,0,0,0.8269,0,0.1731
edwards blogger quits becomes journalistic martyr,0,0,0.1458,0.0833,0.3542,0.4167
families celebrate return of sons,0,0,0.0189,0.7925,0.0566,0.1321
no intention of war with iran us says,0.0741,0.0556,0.1667,0.5556,0.0185,0.1296
video games can improve your vision,0,0,0.0106,0.4468,0,0.5426
mickelson driving force at masters,0,0,0,0.7568,0,0.2432
anti u s attack videos spread on the internet,0.2864,0.2045,0.2636,0,0.2455,0
cisco sues apple over iphone name,0.5,0.0833,0.1042,0,0.1146,0.1979
beckham posh and more athlete celebrity couples,0,0,0,1,0,0
roots of autism more complex than thought,0,0,0.1744,0.0116,0.2907,0.5233
annual diving contest in south korea proves a chilly challenge,0,0,0.3448,0.069,0,0.5862
spanish journalist seized in gaza,0.244,0.204,0.26,0,0.208,0.084
microsoft sony we have a problem,0,0,0.1132,0,0.3962,0.4906
us soldiers die in day of violence,0.1963,0.0859,0.1718,0,0.546,0
u s gunman was srebrenica survivor,0.0805,0.1034,0.1609,0.1379,0.2069,0.3103
germany agonizes over a brain drain,0.1139,0,0.2152,0,0.6456,0.0253
marathon winner released from hospital,0,0,0.039,0.8182,0.0909,0.0519
gronholm takes a commanding lead,0,0,0,0.8605,0,0.1395
surprise china cuts price of gas,0,0,0.0495,0.5347,0,0.4158
why the smell of a man s armpit is a turn on,0,0.3131,0,0.1616,0,0.5253
sexualisation harms young girls,0.3067,0.2133,0.1467,0,0.2533,0.08
antibiotic ketek more dangerous than thought,0.0769,0,0.4786,0,0.0684,0.3761
south african trio share advantage,0,0,0,0.8298,0,0.1702
alaska town cut off from rest of state by flood,0.0294,0,0.549,0,0.4216,0
panel issues bleak report on climate change,0.1563,0.1172,0.375,0,0.3516,0
abbas condemns israeli massacre in northern gaza strip,0.2642,0.2792,0.2642,0,0.1925,0
questions on credit card safety,0.0909,0,0.4545,0,0.4545,0
bigger more aggressive rats infesting uk,0.0305,0.4122,0.4275,0,0.0687,0.0611
philippine president welcomes senate approval of anti terror bill,0.0274,0,0.137,0.7397,0.0548,0.0411
earthlink ceo dies at age,0,0,0.1071,0,0.6214,0.2714
action games improve eyesight,0,0,0,0.4125,0,0.5875
desperate iraqi mother relies on militia for help,0.1111,0.0238,0.1667,0,0.5317,0.1667
foreign minister of colombia quits in scandal,0.0609,0.2174,0.1217,0.2174,0.1826,0.2
get ready for the earnings,0,0,0,1,0,0
europe take big royal trophy lead,0,0,0,0.8209,0,0.1791
clijsters looks for a long goodbye,0,0,0.0984,0.0656,0.541,0.2951
bebe neuwirth gets to wiggle again,0.0694,0,0,0.5972,0,0.3333
kylie s love split,0.0411,0,0.0822,0.0685,0.7671,0.0411
bridge blast stops i traffic,0.0636,0,0.4636,0,0.2545,0.2182
passing exchange becomes political flashpoint,0.3636,0,0.3636,0,0.2727,0
rocky start for bangkok airport,0,0,0.1311,0.3115,0.2295,0.3279
nfl team s fan of the year flag lady,0,0,0,0.7042,0,0.2958
super bowl mvp manning insists he s one of the guys,0,0,0,0.6,0,0.4
oregon snorkeler mistaken for rodent shot in face,0.062,0,0.1705,0,0.5659,0.2016
turkmen acting leader sworn in as new president,0,0,0,0.7174,0,0.2826
dolphins sea lions may report for duty soon,0,0,0.0208,0.6875,0.0417,0.25
police warn of child exploitation online,0.2488,0.3062,0.2392,0,0.2057,0
floods force malaysia evacuations,0.0303,0.0061,0.4667,0,0.4788,0.0182
kidnapped ap photographer freed in gaza,0.1333,0.1244,0.2222,0.2178,0.1378,0.1644
navarrette minutemen have a right to be idiotic,0.1111,0,0,0.2222,0.4815,0.1852
vaccine mandate upsets legislators,0.2787,0.1311,0.1803,0.2131,0.1148,0.082
sex torture claims hit russia army,0.1712,0.3082,0.1438,0,0.2397,0.137
man beheaded in southern thailand,0.0234,0.1345,0.2749,0,0.5146,0.0526
de villiers stretches overall lead,0,0,0,0.8261,0,0.1739
airbus a superjumbo takes off,0,0,0,0.7468,0.038,0.2152
for women nothing s like the smell of men s sweat,0,0.1882,0,0.1529,0,0.6588
tariq ramadan has an identity issue,0,0,0.0556,0,0.0556,0.8889
study men s sweat triggers high sexual arousal in women,0,0.0241,0,0.0964,0,0.8795
blair terror battle will be long,0.1864,0,0.5254,0,0.2881,0
fingers crossed for north korea,0.0294,0.0294,0.2353,0.3824,0.1765,0.1471
warner will not run in,0,0,0,0,0.9167,0.0833
blake defeats moya to retain title,0.1,0,0,0.825,0.025,0.05
nicole kidman asks dad to help stop husband s drinking,0.1795,0,0.2564,0,0.359,0.2051
bush it s time for congress to back energy plan,0.1014,0.1594,0.2174,0.3043,0.1884,0.029
fuel spill may lead to missing jet,0.0385,0,0.4519,0.0673,0.3269,0.1154
paterson boots scotland to victory,0,0,0,0.8657,0,0.1343
here come the globes,0,0,0,0.7867,0,0.2133
shareholders sue apple,0.6282,0,0,0,0.1795,0.1923
bellsouth says profit rises on cingular earnings,0,0,0,0.7917,0,0.2083
lies damned lies and divorce,0.3007,0.2797,0.0699,0,0.3497,0
judge dismisses karr s porn case,0.2143,0.2143,0,0.1071,0,0.4643
male sweat can raise hormones,0,0.0909,0,0.1039,0,0.8052
founder returns to dell helm,0,0,0,0.623,0,0.377
anger at release of two held over beheading plot,0.4828,0.1724,0.1241,0,0.1517,0.069
move to ban ipods from crossing the street,0.2787,0,0,0.2131,0.1803,0.3279
did nasa accidentally kill life on mars,0.1438,0.1111,0.0915,0,0.2484,0.4052
briefly preloaded ipods wal mart movies apple stores,0,0,0,0.8182,0,0.1818
peter jackson will never work for me again,0.38,0.22,0,0,0.31,0.09
china considers eurobond reserves,0,0,0.14,0.6,0,0.26
student starts white men s club on campus,0.0693,0.2871,0.1287,0,0.3267,0.1881
depp to make litvinenko movie,0,0.0213,0.0638,0.766,0.0213,0.1277
probe under way in yankee crash,0.0253,0,0.1772,0.1013,0.6962,0
tom cruise and katie holmes set wedding date,0,0,0,0.8571,0,0.1429
toddler died from tainted spinach,0.2646,0.1166,0.1211,0,0.3991,0.0987
technology may save india s river dolphins,0,0,0.0485,0.6408,0.1165,0.1942
roddick overcomes federer in final,0,0,0,0.5577,0,0.4423
sarkozy letter surprises french cartoons hearing,0,0,0,0,0,1
dem leader s million land deal under scrutiny,0.2727,0.1818,0,0.1091,0.2364,0.2
barack obama formally announces bid for president,0,0.0541,0,0.5676,0.2703,0.1081
cutting edge accessories for digital music players,0,0,0,0.6852,0,0.3148
swiss plane crashes at moscow airport,0.0511,0,0.2263,0,0.5985,0.1241
federer handed tough aussie draw,0,0,0,0.25,0.5,0.25
two muslim groups sue french newspaper international,0.3419,0.0684,0,0.0598,0.2222,0.3077
sony apologises for global battery recall,0.1714,0,0,0,0.8286,0
merkel stop iran,0.2525,0,0.5051,0,0.1212,0.1212
peter pan flies into chapter two,0,0,0,0.4902,0,0.5098
bush officials no big move in iraq plan,0.2632,0.1711,0.3158,0,0.25,0
taliban leader killed in airstrike,0.0248,0,0.1818,0.2397,0.438,0.1157
amazon com has best ever sales,0,0,0,0.82,0,0.18
iran s president urges higher birth rate,0,0.0625,0,0.125,0,0.8125
dryer blamed for fire killing cats dogs,0.0813,0.0244,0.0894,0,0.6016,0.2033
hannibal bites the big one,0,0.0417,0.2708,0.1042,0,0.5833
woman fights to keep drunken driver in jail,0.3971,0.1103,0.125,0.1838,0.0441,0.1397
no evidence of ice reserves on the moon,0,0,0,0,0.6154,0.3846
now it s official iraq s a mess,0.157,0.2267,0.1337,0.0116,0.3605,0.1105
teen hacks venezuelan government web sites,0.2755,0,0.1429,0,0.1327,0.449
us millions fail to buy influence in deadly gaza power play,0.1488,0.1488,0.1901,0.0496,0.3554,0.1074
new mars orbiter spots pathfinder landing site,0,0,0,0.7273,0,0.2727
two hussein allies are hanged iraqi official says,0.1967,0.2131,0.1311,0.1066,0.3115,0.041
japan whaling activists terrorists,0.2397,0.1818,0.3554,0.0992,0.0826,0.0413
cravings still there sez tara,0,0,0,0.5667,0.2667,0.1667
microsoft downplays vista speech recognition hack,0.0732,0,0.1707,0.4146,0.2683,0.0732
terror network,0.0796,0,0.7699,0,0.1504,0
women face greatest threat of violence at home study finds,0.2082,0.2531,0.2327,0,0.2367,0.0694
after iraq trip clinton proposes war limits,0.0748,0,0.0748,0.4953,0.1215,0.2336
donald and goydos share sony lead,0,0,0,0.8649,0,0.1351
bp ceo browne to step down in june,0.0909,0.0455,0,0.197,0.5606,0.1061
iran steps up production of weapons grade uranium,0.1677,0.0599,0.4731,0,0.1617,0.1377
foetal mechanism helps heart failure,0,0,0.2222,0.2424,0.1515,0.3838
pluto s revenge word of the year award,0.0625,0.0156,0.0469,0.7656,0.0469,0.0625
tell your boss naps are good for you,0,0,0,0.5263,0,0.4737
subway collapse caught on camera,0,0,0.384,0,0.432,0.184
dead in apartment building fire,0.0881,0.0126,0.2956,0,0.5409,0.0629
investigation of child porn site hits nations usa today,0.218,0.2749,0.1327,0,0.2227,0.1517
tropical storm isaac forms in atlantic,0,0,0.8958,0,0.1042,0
students use im lingo in essays,0,0.1094,0.125,0.0156,0.1563,0.5938
super bowl ads of cartoonish violence perhaps reflecting toll of war,0.1119,0.1049,0.1748,0.1049,0.3147,0.1888
essay about that mean streak of yours psychiatry can do only so much,0.1311,0,0.0984,0.1639,0.3279,0.2787
a personal plea for hpv vaccine plan,0,0,0.2,0.3077,0.2923,0.2
chefs not counting calories study finds,0.3659,0,0.122,0,0.5122,0
indonesia will not share flu samples,0.1552,0.1552,0.0948,0,0.2586,0.3362
guinea plan offices close as country declares emergency,0,0,0.5811,0,0.2297,0.1892
snow brings travel misery to england,0.0265,0.0442,0.2478,0.0265,0.5575,0.0973
iraqi death toll exceeded in united nations says,0.1385,0.0872,0.1692,0,0.4923,0.1128
observatory poison begets poison,0.1124,0.1011,0.3034,0,0.2921,0.191
in the world of life saving drugs a growing epidemic of deadly fakes,0.0789,0.0842,0.2526,0.0789,0.3263,0.1789
vietnam becomes wto s th member,0.0645,0.0645,0,0.7581,0.0323,0.0806
microsoft to release next generation phone,0,0,0,0.6071,0,0.3929
high cholesterol raises stroke risk healthy women,0,0,0.5294,0,0.2,0.2706
vital signs mental abilities folic acid may improve thinking skills,0,0,0,0.4819,0,0.5181
walnuts combat unhealthy fats,0,0.0455,0.0114,0.4205,0.125,0.3977
die as us helicopter crashes in iraq,0.0774,0.0258,0.2645,0,0.6065,0.0258
madonna files adoption papers,0,0,0,0.6522,0,0.3478
nails on chalkboard study earns ig,0.1081,0.5405,0,0.0811,0,0.2703
kanishka bombing case inquiry judge threatens to quit,0.2473,0.2688,0.2151,0,0.129,0.1398
participant in water drinking contest dies,0.0078,0,0.0234,0,0.7344,0.2344
botched hangings in iraq speed sectarianism,0.2117,0.073,0.365,0.0292,0.2774,0.0438
israel intensifies military flights over lebanon,0.1908,0.0987,0.3947,0,0.2632,0.0526
findings can humanity survive want to bet on it,0.0123,0,0.5185,0.0123,0.1235,0.3333
resolution approved for international games,0,0,0,0.75,0,0.25
cooking defines sephardic jews at sukkot,0,0,0,1,0,0
leo battles himself,0,0,0.1071,0.4821,0.0714,0.3393
north korea may begin to dismantle nukes,0.0196,0,0.2843,0.5098,0.0196,0.1667
marathon victory comes at heavy cost,0.0617,0,0,0.4691,0.4691,0
iran top n envoy heads for vienna for nuke talks,0.0267,0,0.2933,0.3867,0.1467,0.1467
the sweet tune of an anniversary,0,0,0,1,0,0
ice storm brings chaos in u s,0.0526,0.0175,0.5,0,0.307,0.1228
beijing journal olympic construction unearths ancient treasure trove,0,0,0,0.5802,0,0.4198
cooked chicken breasts join tainted food recalls,0.125,0.0313,0.3438,0.2344,0.1016,0.1641
double bus bombing kills three in lebanon,0.0568,0,0.3693,0,0.4602,0.1136
martins leads newcastle fightback,0.1,0,0,0.725,0.025,0.15
cagney lacey finally coming to dvd,0,0,0,0.6812,0,0.3188
u s urged to lead on green actions,0.0484,0,0.1452,0.5161,0.1452,0.1452
grey s pirates lead people s choice,0,0,0,0.8636,0,0.1364
cheney starts visit to japan australia,0,0,0,0.7143,0,0.2857
massive mud traps dozens of families,0.0353,0,0.3294,0,0.4471,0.1882
this week in auto racing october october,0,0,0,0.6667,0,0.3333
stomp the yard has winning moves in its weekend debut,0,0,0,0.8395,0,0.1605
friends for life an emerging biology of emotional healing,0,0,0,0.8447,0,0.1553
youtube told to drop celeb sex video,0.0761,0.25,0.0978,0.1522,0.163,0.2609
werder make man ajax pay price,0,0.0882,0,0.6471,0.0882,0.1765
seduced by snacks no not you,0.2955,0.3409,0,0.0455,0.3182,0
updates on world s top stories,0,0,0.6667,0,0,0.3333
india s taj mahal gets facelift,0,0,0,0.7386,0,0.2614
asia seeks breakthrough on north korea,0.2576,0,0.2121,0.197,0,0.3333
good news for slackers naps may cut risk for heart problems,0,0,0.0313,0.5208,0.0104,0.4375
kentucky wants to ban alcohol inhalers,0,0,0.2759,0.1724,0,0.5517
seahawks bears vie for shot at nfl title,0,0,0.1778,0.7111,0,0.1111
body shop s roddick has hepatitis c,0,0,0.1651,0,0.4404,0.3945
obama will run in,0,0,0,0.8167,0,0.1833
house ethics panel talks to hastert aide,0,0,0,0.7073,0,0.2927
in kenya s capital a sense that danger is ever stronger,0,0,0.5739,0,0.2522,0.1739
don t miss tax breaks,0,0,0.2222,0.3333,0.1111,0.3333
indonesia flood forces from homes,0.0139,0,0.2569,0,0.6181,0.1111
baseball rogers enjoys his muddied streak,0,0,0,0.8171,0,0.1829
for women aspirin a day could keep stroke away,0,0,0.0933,0.5467,0.08,0.28
ronnie and eto o hug and make up,0,0,0,0.8667,0,0.1333
in washington contractors take on biggest role ever,0,0.0182,0,0.4545,0,0.5273
second opinion girl or boy as fertility technology advances so does an ethical debate,0.1047,0.1744,0.1744,0.0581,0.1628,0.3256
ba to charge for an extra bag,0.2267,0.12,0.1467,0,0.2,0.3067
nuke detectors to ring new york official says,0,0,0.5844,0.1558,0.1039,0.1558
did viking probes miss life on mars,0.1618,0,0.0882,0,0.1471,0.6029
too little sleep may mean too fat kids,0,0.1237,0.0722,0,0.2165,0.5876
gunmen kill in iraq tv raid,0.2475,0.1634,0.2129,0,0.3762,0
feeding your brain new benefits found in chocolate,0,0,0,0.6667,0,0.3333
up to inches of snow in forecast,0,0,0.1944,0.0556,0.0833,0.6667
storms kill knock out power cancel flights,0.0195,0.0584,0.5325,0,0.3896,0
russian ship sinks member crew missing,0.0368,0,0.4412,0,0.5221,0
iran to hit us interests if attacked,0.3281,0.0234,0.4219,0,0.1719,0.0547
snow s too deep even for snowmobiles,0.0227,0.0227,0.3295,0,0.1705,0.4545
will rob cohen direct third mummy,0,0,0,0.4776,0,0.5224
area should get inches of snow today,0,0,0.0435,0.6087,0,0.3478
embattled edwards blogger quits campaign,0.0488,0,0,0,0.4878,0.4634
tsunami fears ease after quake,0,0,0.7524,0.1238,0.1238,0
a police state the issues,0.2027,0.0676,0.6216,0,0.1081,0
russia honors sputnik designer,0,0,0,0.8462,0,0.1538
thousands tested after russian h n outbreak,0,0,0.5304,0.2,0.2261,0.0435
china says rich countries should take lead on global warming,0.1739,0.2029,0.1449,0.1449,0.2899,0.0435
iran to hit us interests if attacked,0.2564,0.0598,0.5128,0,0.1453,0.0256
flu vaccine appears safe for young children,0,0,0.1176,0.8824,0,0
dead in lebanese minibus bombings,0.0655,0,0.3631,0,0.5179,0.0536
tumor types may explain survival rates for cancer,0,0,0.1698,0.2642,0.4528,0.1132
us to prod nato allies for more troops to defeat taliban,0.1942,0.1456,0.4563,0,0.2039,0
hacker unlocks apple music download protection,0.1694,0.1129,0.0968,0.2016,0,0.4194
moderate drinking reduces men s heart attack risk,0,0,0.4328,0.5672,0,0
yankee pitcher s pilot log found,0,0,0,0,0,1
an old letter casts doubts on iran s goal for uranium,0,0,0.3472,0.1111,0,0.5417
queen battles bond for baftas,0.0328,0,0.1803,0.4918,0.0328,0.2623
travel leisure next island hot spot st lucia,0,0,0,1,0,0
new mccain team made attack ads he once faulted,0.2317,0.1585,0.2317,0,0.1829,0.1951
somali pm vows to bring islamists to justice,0.297,0.1683,0.1485,0.1782,0.1683,0.0396
sri lanka floods displace,0.1029,0,0.2868,0,0.5882,0.0221
presto he s batman then magic man,0,0,0,0.4688,0,0.5313
across europe worries on islam spread to center,0.1235,0.1111,0.2346,0,0.5309,0
in rigorous test talk therapy works for panic disorder,0,0,0.2185,0.4622,0.0336,0.2857
bad reasons to be good,0.1636,0.0545,0,0.2727,0.4545,0.0545
nigeria hostage feared dead is freed,0.0814,0,0.2353,0.2986,0.0905,0.2941
indonesia may sell not give bird flu virus to scientists,0.1371,0.1613,0.2823,0,0.2339,0.1855
findings a cool million for a climate backup plan,0.1304,0.1304,0.1391,0.2174,0.1391,0.2435
underarm bowls them over,0,0.2,0,0.24,0,0.56
lawyer seizes smith s bahamas home,0.0462,0,0.1385,0,0.6462,0.1692
apple to vista upgraders wait,0,0,0,0.0278,0.3611,0.6111
filipino woman kidnapped in nigeria,0.1749,0.082,0.4208,0,0.2732,0.0492
ozzy a hero for the hard rocking masses,0,0,0,0.9024,0,0.0976
obama i m running for president,0,0,0,0.6078,0,0.3922
napping is good for your heart study finds,0,0,0,0.5484,0,0.4516
cisco sues apple over iphone name,0.5795,0.0795,0,0,0.0341,0.3068
u s and iraqis are wrangling over war plans,0.2462,0,0.4308,0,0.1923,0.1308
u s troops killed hunting weapons cache,0.1083,0.0167,0.25,0,0.6167,0.0083
work starts on arctic seed vault,0,0,0.0149,0.6716,0,0.3134
apple no itunes for you if you have vista,0.1333,0.0833,0,0,0.1667,0.6167
rice in baghdad insists that iraqis are,0.2868,0.2558,0.2016,0,0.2558,0
barbaro s legacy saving other horses,0,0,0.087,0.4348,0.3188,0.1594
alpha dog misses the point,0,0.0789,0,0,0.4474,0.4737
vegetables not fruit slow brain decline,0,0,0.2525,0.2626,0.0202,0.4646
bomb kills on military bus in iran,0.0115,0.0057,0.3736,0,0.4885,0.1207
female astronaut sets record,0,0,0,0.6602,0,0.3398
arroyo lauds passage of anti terror bill,0.026,0,0.1039,0.6753,0.013,0.1818
reopening bird flu hitfactory ignores risks poultryman,0.2314,0.0909,0.4215,0.0083,0.1322,0.1157
alonso would be happy to retire with three titles,0,0,0,0.7176,0.2824,0
south korea fire kills foreigners,0,0.007,0.2797,0,0.5245,0.1888
largest ever autism study identifies two genetic culprits,0,0,0.1519,0.2025,0.2658,0.3797
update plane crashes at moscow airport no passengers,0.0214,0,0.3,0.1143,0.3571,0.2071
sarkozy heads for clash in cartoons row,0.4839,0.2097,0.129,0,0.0323,0.1452
israel weighs old city project webcast,0.0851,0,0.1277,0.2766,0.0213,0.4894
mogadishu residents flee blasts,0.0482,0,0.4217,0.0964,0.2651,0.1687
disturbing finds in child sex raids,0.3226,0.3806,0.0258,0,0.271,0
bryant s boot may have salvaged bucs season,0,0,0,0.6964,0,0.3036
clinical everton show moyes means business,0,0,0,0.6,0,0.4
indonesian with bird flu dies,0,0,0.3237,0,0.5252,0.1511
really the claim the pill can make you put on weight,0,0.129,0,0.0806,0,0.7903
test to predict breast cancer relapse is approved,0,0,0.2055,0.5205,0.1233,0.1507
iraq unveils new security plans,0,0.0408,0.3367,0.1531,0.1224,0.3469
enron boss gets year sentence,0.1682,0.1682,0.0467,0.1308,0.3271,0.1589
rights group halts violent nepal strikes,0.1724,0.0345,0.2483,0.3172,0.1517,0.0759
steelers roethlisberger has concussion,0,0,0.0513,0,0.7949,0.1538
study more kids exposed to online porn,0.1913,0.3497,0.2404,0,0.153,0.0656
north korea ready to discuss first steps to nuclear resolution,0.0286,0.0095,0.3619,0.4476,0.019,0.1333
diabetic waits months for eyeglasses,0.3469,0.1122,0,0,0.4082,0.1327
record shattering day on wall st,0,0,0,0.642,0,0.358
microsoft supports openid authentication standard,0,0,0,0.7857,0,0.2143
u s says powerful iraqi cleric is living in iran,0.1286,0,0.5714,0,0.0857,0.2143
thailand attacks kill three injure,0.1325,0.0602,0.253,0,0.4578,0.0964
czechs poles get missile warning,0.0982,0.0357,0.6071,0,0.0536,0.2054
london is pace setter on congestion toll says mayor,0.0862,0.0517,0.1207,0.4655,0.1724,0.1034
smith baby may not be pot of gold,0,0.0444,0.0667,0.1111,0.4222,0.3556
small jet crashes on takeoff killing,0.0067,0,0.3467,0,0.6267,0.02
regular naps make hearts healthy,0,0,0.0222,0.5222,0,0.4556
north korea aid demand stall talks,0.1148,0,0.1967,0,0.4754,0.2131
israel s peretz urges halt to contentious jerusalem construction,0.34,0.07,0.19,0,0.24,0.16
retinal implant helping blind people see again,0,0,0,0.7547,0.0189,0.2264
china denies reports of north korean apology,0.1857,0.0429,0.1571,0,0.2857,0.3286
aquarium puts ailing beluga whale to sleep,0.0115,0,0,0.0805,0.7701,0.1379
tiempo libre has grammy dreams,0,0,0,0.7925,0,0.2075
israeli woman s tirade spurs pm outrage,0.5547,0.2266,0.1016,0,0.1016,0.0156
somali refugees cut off from aid,0.1176,0,0.1345,0.0084,0.6134,0.1261
united nations peacekeepers raid haitian slum,0.0375,0,0.0875,0.35,0.275,0.25
cheney to congress can t run iraq war by committee,0.4519,0.0385,0.25,0,0.2019,0.0577
magazine lists women who had abortions,0.3509,0.2368,0,0,0.2895,0.1228
murphys rule box office with norbit,0,0,0,0.5455,0.0909,0.3636
samsung settles price fixing lawsuit,0.0746,0.0746,0.1045,0.4328,0.1194,0.194
bb star jackson denies goody comments,0.4118,0.4706,0,0,0,0.1176
horse teeth give details of ancient big chill,0,0,0.1319,0.1429,0.0549,0.6703
costner appeals in casino wrangle,0.7534,0,0,0,0.2055,0.0411
ancient coin shows cleopatra was no beauty,0,0,0,0,0,1
bear cub returned to the wilderness,0,0,0.0435,0.7826,0,0.1739
software giant sap misses target,0,0,0.1408,0,0.6338,0.2254
hunters stalk world s tallest trees,0.1795,0,0.1282,0.1795,0.3846,0.1282
merriman violation stuns ex teammate,0.0769,0.1667,0.1154,0,0.1923,0.4487
singapore pampers its waterfront promenade,0,0,0,0.6984,0,0.3016
reunited police to start world tour in may,0,0,0,0.8478,0,0.1522
ice storm descends on central u s,0.033,0,0.6374,0.1099,0.1429,0.0769
iran warns will hit back at us if attacked,0.3558,0.0798,0.362,0,0.1411,0.0613
township tourism booming in south africa,0,0,0,0.7193,0,0.2807
howard presses bush on terror suspect,0.1339,0.0536,0.4286,0.1071,0.125,0.1518
palestinian factions to resume talks,0,0,0,0.5942,0.029,0.3768
psych checks reviewed after astronaut s crack up,0.0208,0,0.1771,0.0208,0.4583,0.3229
african americans are organ donors these days but what about bone marrow,0,0,0.2188,0.2031,0.1875,0.3906
german chief forges accord on financing health care,0,0,0,0.6875,0,0.3125
venezuela iran fight u s dominance,0.4478,0.0896,0.1791,0.1194,0.1269,0.0373
space com black hole triplets spotted,0,0,0.0704,0.0563,0,0.8732
archaeologists find signs of early chimps tool use,0,0,0.0225,0.2584,0,0.7191
king and queen reign at british film awards,0,0,0,0.6974,0,0.3026
far away super bowl s losers will be champs,0,0,0,0.7568,0.2027,0.0405
survey tech a tool in teen dating abuse,0.0654,0.215,0.0935,0.0561,0.4019,0.1682
south africa mourns adelaide tambo,0,0,0,0,0.9157,0.0843
google to unveil election mashup,0,0,0,0.3846,0,0.6154
really the claim the back seat of a car is the safest place to sit,0,0,0.0822,0.3151,0,0.6027
miss brazil wins lawsuit competition,0,0,0.0706,0.6824,0,0.2471
see if your city is one of the united states top fittest or fattest,0.0633,0.0886,0.1646,0.1392,0.1392,0.4051
panda cub makes her debut,0,0,0,0.8939,0,0.1061
perfect lives lose their focus,0,0,0.082,0.5574,0.2623,0.0984
beckham goal helps real snatch win,0,0,0,0.8154,0,0.1846
eu document iranian bomb unstoppable,0.1008,0,0.5042,0,0.2353,0.1597
wii news for gamers,0,0,0,0.5733,0,0.4267
scientist snoops in astronauts journals,0.0541,0.4054,0.1216,0.0541,0.1081,0.2568
storm causes slick icy roads,0.0282,0.0563,0.5493,0,0.2958,0.0704
personal health for teenagers the car is the danger zone,0,0.0206,0.4845,0,0.2165,0.2784
catholic archbishop outlines anglican merger hopes,0,0,0,0.5778,0,0.4222
champion murray too good for kim,0,0.1818,0,0.3636,0.1364,0.3182
christian values guide dungy and the colts,0,0,0,0.675,0,0.325
tropical storm paul s outer bands hit mexico s baja california,0.1524,0,0.3048,0,0.5429,0
iraqi health minister seized in raid,0.1569,0.0588,0.1961,0.098,0.2418,0.2484
hicks first in line for trial bush says,0.1957,0.0435,0.2609,0.0217,0.2609,0.2174
prehistoric lovers found locked in eternal embrace,0,0,0,0.4286,0.1143,0.4571
judge threatens to shut down air india inquiry,0.5169,0.0225,0.1573,0,0.1798,0.1236
bird watchers flock to see rare owl,0,0,0,0.5698,0,0.4302
photographer kidnapping condemned,0.2956,0.3459,0,0.1321,0.2075,0.0189
melua s deep sea gig sets record,0,0,0,0.9,0,0.1
pound will not drop armstrong case,0.3,0,0.1333,0.1667,0.1,0.3
three drivers had reason to be proud in brazil,0,0,0,1,0,0
female astronaut sets record,0,0,0,0.7614,0,0.2386
scam lures victims with free puppy offer,0.1359,0.2136,0.1068,0.0291,0.1942,0.3204
violence continues at disputed holy site,0.2981,0.0192,0.2981,0,0.3654,0.0192
google executive acts as goodwill envoy,0,0,0,0.6329,0,0.3671
who are you calling fat,0,0.5714,0,0,0.4286,0
fda revises label warnings on the antibiotic ketek,0.117,0.0532,0.2021,0.3617,0.0851,0.1809
ex virginia gov not running for president,0,0,0,0,0,1
thousands rally in lebanon,0.2,0.0696,0.3913,0,0.1652,0.1739
allmendinger joining toyota team in nascar,0,0,0,0.7705,0,0.2295
iraqi sunni lands show new oil and gas promise,0,0.0676,0.1081,0.6622,0,0.1622
game on london exhibition celebrates the history of video games,0,0,0,0.9211,0,0.0789
james brown s partner can get her things,0,0,0.0606,0.6364,0.1818,0.1212
apple trademark dispute settled,0.2,0,0,0.5333,0.1,0.1667
russia plans major military build up,0.1517,0.0843,0.4213,0.0955,0.1236,0.1236
asian nations urge myanmar reform,0,0,0,0.4722,0,0.5278
kathmandu first snow in years,0.0179,0.0179,0.1071,0.0357,0.1339,0.6875
iraqi sunni lands show new oil and gas promise,0.051,0.0714,0.1735,0.4898,0,0.2143
accord on north korea is announced,0,0,0.0649,0.7792,0,0.1558
peru leader questioned in massacre probe,0.2295,0.1393,0.1557,0.1148,0.2459,0.1148
cher auction fetches double pre sale estimates,0,0,0,0.6818,0,0.3182
new gadgets galore at tech show,0,0,0,0.6143,0,0.3857
anna nicole smith s bahamas home seized,0.0235,0.0588,0.1059,0.0118,0.5765,0.2235
hackers strike at key internet servers,0.2774,0.1679,0.2628,0,0.1314,0.1606
israel says hopes to keep lebanon border calm,0.1087,0.0435,0.2174,0.4239,0.0435,0.163
sunshine goydos wins sony open,0,0,0,0.8824,0,0.1176
ps pricey but impressive,0,0.0175,0,0.7719,0,0.2105
fortune india the superpower think again,0,0.0222,0.1333,0.2444,0.0889,0.5111
friendly fire pilot experienced,0.0366,0.0854,0.3902,0,0.1707,0.3171
male sweat raises female hormones,0,0.1505,0,0.2258,0,0.6237
plo ministers agreed upon in mecca,0,0,0.1404,0.6491,0,0.2105
rescued boys parents hail miracle,0,0,0.0991,0.6577,0.0901,0.1532
peretz orders idf to respond with force to north border attacks,0.3586,0.0483,0.3448,0,0.1862,0.0621
scientists create first cloaking device,0,0,0,0.5,0,0.5
howell takes one shot lead in sony open,0,0,0,0.8545,0,0.1455
here is some advice to take to heart,0,0,0,0.4138,0,0.5862
u s to allow iraqi refugees,0.044,0,0.1319,0.3626,0.1538,0.3077
vital signs hazards antidepressant linked to fractures in older people,0.0417,0,0.2167,0,0.2833,0.4583
unilever group names new chairman,0,0,0.0541,0.7838,0,0.1622
allied with democrats lieberman easily aligns with republicans,0.0781,0.25,0,0,0.2656,0.4063
bush insists troops stay in iraq predicts midterm victory,0.1921,0.2938,0.2599,0.0339,0.2203,0
how to prevent iraq from getting even worse,0.1824,0.2294,0.3941,0,0.1941,0
bears fan loses bet and changes name,0.0299,0.194,0,0.0299,0.2537,0.4925
kuerten returns to winners circle,0,0,0,0.7069,0,0.2931
a small part of the brain and its profound effects,0,0,0.2791,0.0233,0.1395,0.5581
samba school leader killed before rio carnival,0.0818,0,0.2138,0.0252,0.522,0.1572
cutting through the clutter to get things done,0,0.0536,0.1607,0.375,0.1607,0.25
madrid bombings trial begins,0.0077,0,0.3538,0.2615,0.2769,0.1
snow causes airport closures in britain,0.0465,0,0.3953,0,0.5,0.0581
university offers support to new orleans school,0,0,0,0.7297,0,0.2703
talks begin on somalia peacekeepers,0.068,0.0097,0.1165,0.5534,0.1165,0.1359
eight years for damilola killers,0.2222,0.1345,0.1696,0.2047,0.2515,0.0175
official laughs for borat,0.2286,0.2095,0,0.3238,0.2381,0
loving with all your brain,0,0,0,0.4444,0,0.5556
new iraq terror tape calls for abducting foreigners,0.1814,0.1716,0.4657,0,0.1814,0
congolese soldiers riot loot over pay issue,0.3416,0.1056,0.2857,0,0.2671,0
equipment on plane in brazil collision may have been faulty,0.2103,0.1416,0.1974,0,0.2876,0.1631
cuban official web a wild colt,0,0,0.5143,0,0.2286,0.2571
sony hates europeans will prevent the importing of ps,0.5313,0.125,0,0,0,0.3438
committee debates cancer vaccine plan,0.0423,0,0.1408,0.2113,0.1549,0.4507
cleric said to lose reins over part of iraqi militia,0.226,0.226,0.226,0,0.2603,0.0616
experts fear likely shackled boy,0,0,0.5938,0,0.2708,0.1354
afghan poppy war alienates farmers,0.1087,0,0.3587,0,0.4674,0.0652
kentucky seeks alcohol huffing ban,0.0488,0.0488,0.2073,0.3902,0,0.3049
russian ship sinks in pacific,0.0818,0,0.2091,0,0.6,0.1091
waste plant fire forces to evacuate,0.194,0.0448,0.2239,0.0448,0.4925,0
students lose their rite of passage,0,0,0,0,1,0
russia warns us against missile bases in east europe,0.4211,0.114,0.4649,0,0,0
more human remains found at ground zero,0.2407,0.1358,0.037,0,0.4198,0.1667
google buys youtube for bn,0,0,0,0.2321,0,0.7679
with youtube grad student hits jackpot again,0,0,0,0.6316,0,0.3684
u s at odds with cleric s aide,0.1864,0.0339,0.4576,0,0.1864,0.1356
edwards campaign blogger quits amid catholic controversy,0.08,0.0933,0.1333,0.0133,0.24,0.44
salt lake city mall shooter was teenager,0.1014,0.0072,0.1377,0,0.3913,0.3623
inter milan set serie a win record,0.0328,0,0,0.8197,0,0.1475
iraqi suicide attack kills two us troops as militants fight purge,0.16,0.0914,0.3086,0,0.3943,0.0457
italy to try us soldier for agent s iraq death,0.4961,0.0543,0.0155,0.062,0.2946,0.0775
life in gaza steadily worsens,0.1111,0.085,0.3464,0,0.4575,0
utah gunman survived srebrenica,0.1061,0.1364,0.1515,0.2273,0.1818,0.197
test cricketer jailed over killing,0.2645,0.1157,0.1818,0.0661,0.3058,0.0661
united finds good connection in win,0,0,0,0.913,0,0.087
opportunity knocks on geologist s dream crater,0,0,0,0.8125,0,0.1875
turkmenistan votes for president,0,0,0,0.75,0,0.25
ottawa must redefine terror,0,0,0.8684,0,0.1316,0
morrissey may cheer up eurovision,0,0,0.0274,0.8356,0,0.137
youtube yields surprising payback,0,0,0,0.4301,0,0.5699
isinbayeva sets th world record,0,0,0,0.69,0,0.31
virtual american idol hits right notes,0,0,0,0.6377,0,0.3623
astronaut may have buckled under stress,0,0,0.2471,0,0.5059,0.2471
putin u s force fostering nuke ambitions,0.2872,0,0.4574,0,0.1383,0.117
troops massing around somali town,0.1606,0,0.6423,0,0.1971,0
royal seeks to revive french bid,0,0,0,0.8421,0,0.1579
search on for victims of subway collapse,0.0238,0,0.246,0.0238,0.6984,0.0079
republicans plan to block iraq debate,0.4959,0.1405,0,0,0.3058,0.0579
dad locked up son watched on tv police say,0.0727,0.4182,0,0,0.5091,0
mother daughter stabbed near school,0.0318,0.0255,0.3121,0,0.4713,0.1592
trolley square shooting leaves dead including gunman,0.069,0,0.3276,0,0.5,0.1034
defense to challenge russert s credibility,0.1429,0.1786,0,0,0,0.6786
wilkinson sets record in tame win,0,0,0,0.76,0,0.24
ingredient in male sweat raises women s hormone levels,0,0.1446,0,0.2048,0,0.6506
iran reneges on nuclear payments to russia,0.2442,0.1628,0.3488,0,0.0698,0.1744
nasa revisiting life on mars question,0,0,0,0.4182,0,0.5818
sights and sounds from ces,0,0,0,0.8095,0,0.1905
oracle world opens with dell unveiling amd powered computers,0,0,0,0.7179,0,0.2821
experts offer advice on salmonella,0,0,0.434,0.4528,0.0377,0.0755
stinky flower mystery solved,0,0.0781,0,0.6094,0.0156,0.2969
in the rockies pines die and bears feel it,0.12,0.05,0.22,0,0.45,0.16
beyonce in a bikini as si s swimsuit cover model,0.087,0.087,0.0435,0.5217,0.1087,0.1522
seahawks qb hasselbeck out weeks,0,0,0,0.1277,0.6596,0.2128
oil holds at,0.1026,0,0.0769,0.3077,0.2564,0.2564
three found alive from missing russian ship report,0,0,0.0331,0.4967,0.0927,0.3775
confusion reigns in the expanding digital world,0.1622,0,0.1622,0,0.1622,0.5135
doomsday clock ticking away,0,0,0.5513,0.2436,0.2051,0
italy drops sicily bridge plans,0,0,0,0,0,1
protest greets congestion charge s westward push,0.2623,0.1803,0.1475,0.2459,0.1311,0.0328
us airways boosts bid for delta,0,0.1786,0,0.3214,0.0357,0.4643
hurricane paul weakens to tropical storm,0,0,0.3269,0.3173,0,0.3558
a familiar and prescient voice brought to life,0,0,0,0.7805,0,0.2195
male sweat boosts women s hormone levels,0,0.1474,0,0.0632,0,0.7895
iran rejects us claims of supplying weapons in iraq,0.2389,0.1327,0.3009,0.0885,0.1593,0.0796
israel insists on lebanon overflights,0.3645,0.2897,0.0374,0,0.3084,0
gere cheers sex workers in aids fight,0.0128,0.1026,0.1282,0.4359,0.0897,0.2308
tv game shows go interactive,0,0,0,0.8462,0,0.1538
china detains after body parts found in mail,0.0316,0.2789,0.3789,0.0789,0.1105,0.1211
amish discuss shootings,0.0541,0.0135,0.3784,0,0.4189,0.1351
anna nicole claimant a prince of a guy,0,0,0,0.02,0.44,0.54
jones faces europe meetings snub,0.0952,0.0476,0.1429,0,0.5,0.2143
models health guidelines will they help,0,0,0.1458,0.2292,0.125,0.5
s jack bauer returns,0,0,0,0.9302,0,0.0698
uk announces immigration restrictions,0.236,0.2247,0.2191,0,0.2303,0.0899
commodities lead europe higher,0,0,0,0.8,0,0.2
iran says sunnis using pakistan as base planned fatal bombing,0.1329,0.0629,0.5804,0,0.1119,0.1119
asean talks end on energy security,0,0,0,0.7333,0.2667,0
norbit a waste of murphy,0,0.2353,0,0,0.5882,0.1765
petraeus takes command in iraq,0.1897,0.0862,0.3621,0.1379,0.0862,0.1379
merck gardasil may fight more strains,0.1139,0,0.2405,0.2658,0.1772,0.2025
anna nicole smith s body lies in legal limbo,0,0,0,0,0.7907,0.2093
terror officials see al qaeda chiefs regaining power,0.1008,0.0853,0.6667,0,0.124,0.0233
iran says it will strike us interests if attacked,0.2955,0.0739,0.3807,0,0.125,0.125
ashton kutcher tells secret to ryan seacrest,0,0,0,0.4211,0,0.5789
women protest pakistan demolition,0.2727,0.197,0.0985,0,0.197,0.2348
review ps pricey but impressive,0,0,0,0.7455,0.0909,0.1636
j k rowling marks spot of potter s end,0,0,0.0308,0.0923,0.5538,0.3231
sudan tells united nations envoy to leave in hours,0.1957,0,0,0,0.163,0.6413
salmonella outbreak traced to peanut butter,0.0367,0,0.6422,0,0.1468,0.1743
allen and okur get all star call,0,0,0,0.8043,0,0.1957
taliban seize rural district in southwest as police flee,0.18,0.08,0.34,0,0.2733,0.1267
pc world editor slain at california home,0.0897,0.0641,0.3269,0,0.4936,0.0256
israelis retaliate after attack by lebanese army,0.3117,0.0844,0.3442,0,0.2597,0
attack video saddens friendly fire widow,0.1083,0.0917,0.1333,0,0.6667,0
whether to save cord blood can be puzzle for parents,0,0,0.26,0.16,0,0.58
philippine anti terror law delayed until june,0.1809,0,0.3404,0,0.3404,0.1383
apple s dark secret the claim,0.1,0,0.1,0,0.225,0.575
spacewalker sets new u s record,0,0,0,0.7444,0,0.2556
france al qaeda suspects arrested,0.0696,0.0348,0.3739,0.2696,0.1043,0.1478
review nokia xpress music,0,0,0,0.8333,0,0.1667
sleep more to fight childhood obesity,0,0.0417,0.25,0.1667,0,0.5417
dead after utah mall shooting rampage,0.2034,0,0.2429,0,0.4294,0.1243
german paper shows soldiers desecrating skull,0.2638,0.4049,0.1043,0,0.227,0
japanese whaler afire in antarctic,0.1053,0.0921,0.1711,0,0.5263,0.1053
jet flips in snowstorm none dead,0,0,0.2679,0.3125,0.2589,0.1607
teacher in hiding after attack on islam stirs threats,0.1461,0.0225,0.427,0,0.4045,0
mistrial for officer who refused to go to iraq,0.2625,0.05,0.1625,0.1125,0.3375,0.075
rwanda mulling kid limit for families,0,0,0.0581,0.4186,0.1512,0.3721
man admits uk us terror bomb plot,0.1941,0.2529,0.3588,0,0.1941,0
deaths as bird flu flares in asia,0,0,0.5232,0,0.3974,0.0795
uk characters boosting box office,0,0,0,0.6321,0,0.3679
moscow says palestine israeli contacts key to mideast peace,0.0556,0.0278,0.0556,0.5139,0.2361,0.1111
sony apologizes for battery recall,0.0678,0.1356,0.0678,0.339,0.2203,0.1695
mass venezuela opposition rally,0.36,0,0.2,0.1867,0.04,0.2133
squirrel jumps boy in park rabies suspected,0.153,0.0219,0.3333,0,0.153,0.3388
marijuana helps ease hiv nerve pain study says,0,0,0.0744,0.2727,0.0992,0.5537
thousands line up to get late flu shots,0.0241,0,0.494,0.3012,0.0723,0.1084
king county offering some free flu vaccines,0,0,0.1047,0.5698,0.0581,0.2674
rig threat cargo ship towed ashore,0,0,0.4805,0.1299,0.2468,0.1429
new zealand unlikely to allow crippled japanese whaler,0.1486,0.0135,0.0676,0.1081,0.473,0.1892
england opt for bopara over loye,0,0,0,0.4167,0.1667,0.4167
kidnappers seize two in nigeria,0.1806,0.1097,0.4387,0,0.2452,0.0258
beyonce new si bikini cover girl,0,0.1026,0.0513,0.6667,0.1282,0.0513
more sleep healthier slimmer children,0,0,0,0.4563,0,0.5437
a shot in the arm,0,0,0.8154,0,0.1385,0.0462
lawmaker seeks ipod ban in crosswalks in new york,0.2075,0,0,0,0.0755,0.717
snow brings travel misery to england,0.0354,0.115,0.2389,0,0.5752,0.0354
opera canceled over a depiction of muhammad,0.0968,0,0,0,0.9032,0
anna nicole smith fans mourn in cyberspace,0.0375,0,0,0,0.875,0.0875
on myspace girls seek friends boys flirt,0,0.3226,0.0645,0.1935,0.0161,0.4032
india s famous landmark gets facelift,0,0,0,0.6579,0,0.3421
charlie sheen to become highest paid sitcom star,0.0429,0.0429,0,0.7714,0,0.1429
grey s betty scrubs get boost,0,0,0,0.8226,0,0.1774
fear hinders black marrow donation,0,0,0.4904,0,0.4038,0.1058
walters on trump poor pathetic man,0.2614,0.2841,0,0,0.3182,0.1364
photographer kidnapped in gaza,0.2402,0.2445,0.1747,0,0.2358,0.1048
a nap a day may keep the heart doctor away,0,0,0.0233,0.4651,0,0.5116
the troubling ending of the departed,0.1209,0.022,0.1648,0,0.3956,0.2967
beating leaves teen in coma,0.2404,0.071,0.1694,0,0.4481,0.071
stop cancer with a shot,0,0,0.0506,0.519,0.1139,0.3165
frantic call in ryan o neal case,0,0,0.3836,0,0.2055,0.411
sharks kill four people in dull year,0.0224,0,0.306,0,0.5,0.1716
cool millions for youtube founders,0,0,0,0.7882,0,0.2118
eight us soldiers killed in zabul helicopter crash,0.1064,0.1135,0.1277,0,0.6383,0.0142
flee plant fire,0.1974,0,0.5592,0,0.2434,0
colombia fm resigns after relatives arrests for militia links,0.1064,0.0851,0.2411,0.0993,0.2482,0.2199
us troops killed in october in iraq,0.2266,0.1921,0.202,0,0.3793,0
gunmen kill at iraqi tv station,0.1505,0.1667,0.371,0,0.3118,0
media cited for showing girls as sex objects,0.303,0.2727,0.0727,0.0848,0.1758,0.0909
shiite fighters arrested in crackdown iraq says,0.2024,0.0952,0.2619,0.1607,0.1786,0.1012
sudan urges un to replace its special envoy,0.3529,0.1765,0,0,0,0.4706
glamour and borat at golden globes,0,0.0759,0,0.7595,0,0.1646
making peace from victory over poverty,0,0,0.1124,0.7079,0.1798,0
jump reported in accidental drug overdose deaths,0.0242,0,0.1694,0,0.621,0.1855
swingers more common than most think,0,0.0536,0.0893,0.1429,0.1964,0.5179
go ahead take a nap science says,0,0,0,0.4937,0,0.5063
evacuees can return home after plant blast,0.0588,0,0.1373,0.5,0.1569,0.1471
deaths linked to flu vaccine,0.1947,0.0474,0.3,0,0.3474,0.1105
group video shows chopper go down,0.0763,0,0.2203,0,0.5085,0.1949
silly and substantial,0,0.3333,0,0.6667,0,0
planning seen in iraqi attacks on u s copters,0.1946,0.0134,0.3624,0,0.2483,0.1812
bernard matthews to lay off up to workers,0.102,0.068,0.1361,0,0.4354,0.2585
why gas follows oil up but not down,0.1228,0.1228,0.0877,0,0.1053,0.5614
deep regret for ex hp exec,0,0.08,0,0,0.8,0.12
heavy use of mobile phones can make men infertile scientists say,0,0,0.4583,0,0.1771,0.3646
malaysia launches tourism campaign,0,0,0,0.6667,0,0.3333
goetschl ends austrian win drought,0,0,0,0.9032,0,0.0968
u n force is treading lightly on lebanese soil,0,0,0.3636,0.2727,0.3636,0
breakup rings find new homes,0,0,0.0333,0.2833,0.5167,0.1667
on the job naps might cut heart risk,0,0,0.0449,0.4831,0,0.4719
porn star candidate campaigns on campus,0.2095,0.2432,0,0.1892,0.223,0.1351
mother lohan is doing great in rehab,0.0211,0,0.1053,0.4947,0.1789,0.2
police break up kosovo protests,0.3936,0,0.1064,0.2128,0.1809,0.1064
what newsom faces in aftermath of scandal,0.1818,0.2364,0.3636,0,0.1818,0.0364
apple revs up mac attacks on vista,0.061,0.3171,0.061,0.1463,0.1341,0.2805
dance movie takes over no,0,0,0,0.6022,0,0.3978
carphone warehouse s mixed signals,0.1429,0.1429,0,0,0,0.7143
beating poverty in a small way,0,0,0.1176,0.4706,0.4118,0
uk luxury maker burberry made in china,0,0.0294,0,0,0.0882,0.8824
second drop in cancer deaths could point to a trend researchers say,0,0,0.1059,0.4118,0.0588,0.4235
moderate drinking reduces men s heart attack risk,0,0.0374,0.243,0.486,0.0841,0.1495
study on the job naps might help heart,0,0,0.0233,0.5116,0,0.4651
weekly nielsen yvonne de carlo munsters star dead,0.0796,0,0.1416,0,0.6549,0.1239
france ends toxic alert at canadian embassy in paris,0,0,0.4337,0.4217,0,0.1446
some cocoa may improve brain blood flow,0,0,0,0.6339,0,0.3661
reid land deal under scrutiny,0.2,0,0,0,0.3,0.5
nasdaq fails in bid for lse,0,0.0175,0.0526,0,0.7193,0.2105
school ends football season after start,0,0,0,0,0.5,0.5
amateur rocket scientists reach for space,0,0,0,0.5714,0,0.4286
internet boom in china is built on virtual fun,0,0,0.0404,0.6364,0,0.3232
personal health the importance of knowing what the doctor is talking about,0,0,0.4828,0,0.3103,0.2069
what s behind the chopper crashes in iraq,0.0849,0,0.4811,0,0.3585,0.0755
victim gunman bought drink after shooting,0.1233,0.1781,0.1781,0,0.2055,0.3151
reclusive mockingbird author attends show,0,0,0,0.75,0,0.25
goodbye to girlhood,0,0,0.2,0,0.6,0.2
poison pill to swallow hawks hurting after loss to vikes,0,0.1404,0.4035,0,0.4561,0
north korea gets money and respect,0.0244,0,0.0488,0.5854,0.0488,0.2927
life on mars maybe we missed it,0,0.0444,0,0.2444,0.0667,0.6444
finally senate okays anti terror bill manila,0.0385,0,0.2179,0.5385,0.1538,0.0513
griffiths scorns withnail play,0.2222,0.6481,0,0.0741,0.0556,0
die in hour kashmir standoff,0.2451,0.1863,0.3039,0,0.2647,0
bernhard set to leave volkswagen,0.1507,0,0,0,0.5479,0.3014
victims of air india still wait for justice,0.3224,0.1118,0.0987,0,0.3553,0.1118
united hang on to six point lead,0,0,0.05,0.725,0.05,0.175
deputy health minister arrested in us iraqi raid,0.1356,0.0678,0.1441,0,0.4915,0.161
mardi gras rebound in the offing for new orleans,0.0244,0,0.0366,0.5732,0.0366,0.3293
free will now you have it now you don t,0.0656,0,0.2295,0,0.2623,0.4426
commentary minutemen have a right to be idiotic,0.7778,0,0,0.2222,0,0
army engineers say dam safe,0,0,0.169,0.6056,0,0.2254
global national major child porn ring bust,0.219,0.3048,0,0.2,0.1476,0.1286
siestas may cut heart disease risk,0,0,0.0444,0.6,0.0222,0.3333
u s keeps iran options open,0.1392,0.1013,0.2405,0.3544,0.0506,0.1139
press sees hope in mecca talks,0,0,0,0.7595,0.038,0.2025
a star dies a family feud is born,0.0916,0.1527,0.1145,0.1374,0.4733,0.0305
looking beyond the iphone,0,0,0.1379,0.3793,0,0.4828
two men killed by london tube train,0.0397,0.0331,0.2715,0,0.5232,0.1325
who s going to win at the grammys,0,0,0.0192,0.5962,0,0.3846
indonesian bird flu deaths hit,0,0,0.3625,0,0.5375,0.1
china s nightmare scenario,0,0,0.8025,0,0,0.1975
durant s success trumps the gators,0,0,0,0.8431,0,0.1569
greek police hunt embassy attackers,0.5393,0.0225,0.2472,0.0449,0.1461,0
sri lanka clashes kill troops,0.1721,0,0.2131,0,0.6148,0
wizardry at harvard physicists move light,0,0,0.0206,0.3196,0,0.6598
tests of drug to block h i v infection are halted over safety,0.0797,0.0145,0.3478,0.0507,0.2826,0.2246
singer on cowell glad he was mean,0,0.1176,0,0.5882,0.0588,0.2353
stinky but true men s sweat is made for love,0,0.1818,0.0202,0.2222,0,0.5758
one search does not fit all,0,0.1364,0,0,0.4091,0.4545
two detained in body parts mailing,0.0328,0.5,0.2459,0.0656,0.1148,0.041
slain amish girls laid to rest,0.1571,0.05,0.25,0,0.5429,0
israel admits using phosphorous shells in lebanon,0.2967,0.2582,0.033,0,0.3242,0.0879
memo from frankfurt germany relives s terror as seek release from jail,0.2134,0.0915,0.4634,0,0.2012,0.0305
lost s fox i m a liar and a cheat,0.1653,0.3884,0.1157,0,0.1488,0.1818
win a concert date with the police,0,0,0.1639,0.541,0.0984,0.1967
israeli bomblets plague lebanon,0.2596,0.2308,0.3221,0,0.1875,0
ballerina sparks anti fascist row,0.2446,0.1223,0.223,0.1223,0.1151,0.1727
small business owners find bush health plan appealing,0,0,0,0.8056,0,0.1944
black hole triplets spotted,0,0,0.1571,0.2429,0,0.6
blair says he regrets delays in british soldier s inquest,0.0455,0.0758,0.0152,0.1515,0.7121,0
stanford study warns of internet addiction,0,0.2708,0.4792,0,0.1875,0.0625
trains crash near thai resort town,0.0122,0,0.378,0,0.5488,0.061
us north korea signed nuclear memo,0,0,0.3333,0.5,0,0.1667
jakarta begins disinfection,0,0,0.2278,0.557,0.0759,0.1392
gps sneakers locate with press of a button,0,0.0175,0,0.386,0,0.5965
vietnamese bank plans ipo listing,0,0,0,0.7931,0,0.2069
cases when the simple solution is the right one,0,0,0,0.5556,0,0.4444
outdated baby food found on shelves,0.0789,0.3246,0.1228,0,0.2895,0.1842
kerry blasts escalation of misguided war,0.2933,0.1133,0.1933,0.1067,0.1867,0.1067
iraqis fault delayed u s plan in attack,0.272,0.152,0.232,0.016,0.136,0.192
stomp steps to no at box office,0,0,0,0.7595,0,0.2405
woman dies after water binge,0.0559,0.0186,0.1304,0,0.5714,0.2236
shareholders sue apple,0.4706,0.0882,0,0,0.2941,0.1471
trucks swallowed in subway collapse,0.08,0,0.28,0,0.57,0.07
two palestinians killed near fence,0.129,0.0452,0.2452,0,0.5613,0.0194
warioware wii make perfect fit,0,0,0,0.6923,0,0.3077
uk soldiers cleared of iraq abuse,0.0294,0.1471,0.0882,0.4853,0.0735,0.1765
eu condemns illegal cia flights,0.3462,0.1,0.1154,0.2077,0.1923,0.0385
call it serendipity a missing piece of washington s war tent is found,0.0204,0,0.0306,0.5306,0.0408,0.3776
mistrial declared in teacher student rape case,0.1943,0.2629,0.0857,0,0.2686,0.1886
bombers kill shoppers,0.2316,0.1368,0.3298,0,0.3018,0
bruce revells in upset,0.3889,0,0,0,0.3889,0.2222
excerpt politicians and the press,0,0.7857,0.2143,0,0,0
princess masako author no regrets,0,0,0,0.4167,0.125,0.4583
full details of the eu report on iran,0.1017,0,0.2373,0.2034,0.1864,0.2712
roddick murray score in san jose,0,0,0,0.7941,0,0.2059
china urges un action on n korea,0.3611,0.0417,0.4306,0,0,0.1667
u s warns north koreans about nuclear test,0.211,0,0.4312,0,0.3578,0
top general optimistic on iraq,0.2171,0.2326,0,0.2093,0.3411,0
three found alive from missing russian ship report,0,0,0.1489,0.4468,0.0691,0.3351
marine killed in fighting west of baghdad,0.2034,0,0.3729,0,0.4237,0
poetry prize awarded,0,0,0,0.8866,0,0.1134
housewives star marcia cross on bed rest,0,0,0.0889,0,0.5556,0.3556
mexican navy helps in hunt for u s engineer,0,0,0.125,0.5,0.1389,0.2361
pot smokers may avoid alzheimer s study says,0,0,0.05,0.125,0,0.825
turkish writers say efforts to stifle speech may backfire,0.3311,0.0743,0.3041,0.0541,0.2365,0
maggie gyllenhaal s globes babysitter mom,0,0,0,0.8919,0,0.1081
higley gonzalez lead in malaysia,0.0508,0.0678,0.0847,0.4237,0.1695,0.2034
the nfl s biggest potential free agents,0,0,0,0.7568,0,0.2432
asif returns with four wicket haul,0,0,0,0.7818,0,0.2182
sea search for missing microsoft scientist,0,0,0.3118,0,0.5161,0.172
iran vs north korea not all enemies are equal,0.3662,0.1268,0.338,0,0.169,0
variety johnny depp to make movie of spy poisoning,0,0.0435,0.1739,0.2826,0.087,0.413
new orleans violence sparks tourism fears,0.1667,0,0.5435,0,0.2319,0.058
u s opens door for iraqi refugees,0.0185,0,0.1759,0.4259,0.0926,0.287
kidnapped at nigeria oil base,0.1275,0.047,0.4631,0,0.3087,0.0537
study links chimps and hammers,0,0,0,0.2456,0,0.7544
las vegas honour for tiger pair,0,0,0,0.6814,0,0.3186
lee in pre world cup injury scare,0,0,0.55,0,0.35,0.1
on road to kosovo independence a warning go slow,0.1698,0,0.6038,0.0377,0.1698,0.0189
g to china ease exchange rate grip,0.0889,0.0667,0.2222,0,0.2889,0.3333
budapest calm after night of violent protests,0.382,0.0225,0.2022,0.2022,0.191,0
naps are great for chaps,0,0,0,0.6593,0,0.3407
india decries an act of sabotage,0.2537,0.0896,0.2985,0,0.209,0.1493
hurricane paul nears category status,0,0,0.701,0,0.2371,0.0619
ferrer victorious in spanish duel,0.0198,0,0.1485,0.6931,0.0099,0.1287
prehistoric romeo and juliet discovered,0,0,0.0476,0.5048,0.0286,0.419
kurdish lawmaker killed in an attack in baghdad,0.2281,0.1842,0.3289,0,0.2588,0
th century remedy st century potency,0,0,0,0,0,1
too young for this facing cancer under,0.1188,0,0.2438,0,0.5,0.1375
basics a mammal in winter with a furnace of her own,0,0,0,0.3571,0,0.6429
ice stops trolleys cold,0,0,0.2368,0,0.7632,0
china s friends highlights web freedoms,0.046,0.0575,0.069,0.5517,0.092,0.1839
that ll cost ya,0.6538,0,0.3077,0,0,0.0385
auto show canceled,0,0,0,0.037,0.6481,0.3148
was prince s super show too revealing,0,0.1228,0.193,0.1228,0.0702,0.4912
a mix of oil and environmentalism,0.2339,0.2339,0.2661,0,0.2661,0
serbia rejects united nation s kosovo plan,0.3182,0.1136,0.1364,0,0.2614,0.1705
prehistoric romeo and juliet discovered,0.0323,0,0,0.4,0.1032,0.4645
cher items snapped up at auction,0,0,0,0.9,0,0.1
no florida survives rupp arena streak hits,0,0,0,0.8667,0,0.1333
collision on icy road kills,0.0292,0,0.3431,0,0.6204,0.0073
social networking goes mobile,0,0,0,0.6923,0,0.3077
an elephant crackup,0.1964,0,0,0.25,0.5536,0
firefox hits the web,0,0,0,0.7606,0,0.2394
bananaconda inventor is top poet of kids,0,0,0,0.7241,0,0.2759
fitness bodies in motion clean and sober,0,0,0,1,0,0
iran leader pays nicaragua a visit,0.039,0.013,0.1688,0.2597,0.1818,0.3377
mega marsupials once roamed australia,0,0,0.0308,0.1077,0.0615,0.8
report criticises us press freedoms,0.2451,0.2353,0.0588,0.2059,0.1275,0.1275
democrats look beyond symbolic vote on iraq,0.0909,0.1212,0.0909,0.4242,0.0455,0.2273
create own thrillville for a wild ride,0,0,0.0962,0.6346,0,0.2692
new indonesia calamity a mud bath is man made,0.326,0.2265,0.0331,0,0.3425,0.0718
machinery orders drive asia upward,0,0,0,0.7761,0,0.2239
the sweet tune of an anniversary,0,0,0,1,0,0
china successfully launches two satellites,0,0,0,1,0,0
rio de janeiro journal drawing lines across the sand between classes,0.25,0.2188,0.0313,0.0313,0.4063,0.0625
golden globes on their way,0,0,0,1,0,0
snow causes airport closures in britain,0.1034,0,0.2931,0,0.3793,0.2241
un google earth map climate change,0.084,0.0504,0.1176,0.3445,0.1429,0.2605
davydenko out as seeds scattered,0,0,0.0444,0.1778,0.3556,0.4222
britons deported from somalia held under terrorism act,0.1652,0.1304,0.3652,0,0.2174,0.1217
next island hot spot st lucia,0,0,0,0.7656,0,0.2344
blazing angels for ps fails to soar,0,0,0.1714,0.0571,0.6,0.1714
al qaeda group calls for attacks on u s oil,0.2849,0.0581,0.4535,0,0.0872,0.1163
terai protesters hail historic victory over government,0.3011,0,0.0323,0.3871,0,0.2796
carter was a disaster said ford,0.3333,0.2083,0,0,0.3,0.1583
ex pastor gets death sentence,0.0357,0.0429,0.0857,0,0.5214,0.3143
male sweat boosts women s hormone levels,0,0.1341,0,0.2073,0,0.6585
dow flirts with record highs again,0,0,0,0.5678,0,0.4322
study male sweat causes female hormones to rise,0,0.1264,0,0.1954,0,0.6782
police and shoppers targeted in growing iraq violence,0.2133,0.1801,0.3555,0,0.2512,0
news analysis iranian boast is put to test,0.2982,0.1228,0.4912,0.0351,0.0175,0.0351
european shares hit fresh highs,0,0,0.0633,0.7468,0,0.1899
active peace brings the promise of development,0,0,0,1,0,0
stars scuffle on grey s anatomy,0.4839,0.5161,0,0,0,0
myspace sales surging,0,0,0.0244,0.7195,0.0244,0.2317
bernanke economy healthy but,0,0,0.3556,0.1778,0.2,0.2667
politics us reprieve for officer who denounced immoral war,0.1081,0.1261,0.1171,0.2793,0.2523,0.1171
health returns as hot issue in race,0,0.0299,0.1194,0.5821,0.0448,0.2239
nap your way to a successful career,0,0,0,0.5606,0,0.4394
as inflation soars zimbabwe economy plunges,0.0941,0.0824,0.1412,0,0.6824,0
snowed in the canadian rockies,0,0,0.1739,0.4565,0.2391,0.1304
carrefour sales growth falls short,0,0,0.1628,0,0.6047,0.2326
bucs find a new kick in life,0,0,0,0.5405,0,0.4595
slow music and lyrics,0,0,0,0.7692,0,0.2308
harris haul puts south africa on top,0,0,0,0.8592,0,0.1408
john grisham set for court drama,0.1795,0.0641,0.2692,0,0.2308,0.2564
thomas cook to merge with mytravel,0,0,0,0.5918,0,0.4082
bad weather slows s korean search for russian ship,0.0909,0.2424,0.0303,0,0.6364,0
gray wolves off endangered list,0,0,0.1978,0.6044,0.0659,0.1319
senator says u s should rethink iraq strategy,0,0,0,0.3125,0.3438,0.3438
radical cleric al sadr in iran u s insists,0.1359,0.1165,0.3398,0,0.1748,0.233
guinea capital largely calm under curfew marital law,0,0,0.4444,0.2333,0.1,0.2222
tracking down hi tech crime,0.0204,0.1224,0.2653,0.3878,0.1327,0.0714
blissing out in ojai,0,0,0,1,0,0
visitors to eiffel tower climb to record in,0,0,0,0.5181,0,0.4819
ice storm cripples central u s,0.1756,0.0305,0.3511,0,0.3359,0.1069
scorpion on a plane a pantful of pain,0.0714,0.0238,0.5833,0,0.1548,0.1667
nokia xpress music,0,0,0,0.8148,0,0.1852
israeli lebanese clash on border,0.2992,0.0787,0.3858,0,0.2047,0.0315
closings and cancellations top advice on flu outbreak,0.0196,0,0.451,0.1569,0.2157,0.1569
u s commander iraq not hopeless,0.0737,0.1053,0.1263,0.3579,0.1263,0.2105
bad weather cancels men s downhill,0,0,0.0714,0.0286,0.7286,0.1714
nipple covers other star secrets,0.1186,0.4915,0,0.0339,0,0.3559
toddler died from e coli tainted spinach,0.1761,0.1831,0.0563,0,0.5845,0
bosses sleeping on idea of letting workers take naps,0,0,0.0417,0.2778,0.1389,0.5417
trying to assess the damage in cleveland,0,0,0.1304,0,0.8261,0.0435
deaths linked to flu vaccine,0.2222,0,0.3137,0,0.4641,0
mbeki on the big visit from the chinese,0,0,0.075,0.45,0,0.475
portugal to vote on abortion laws,0.026,0.1039,0.1299,0.2597,0.1688,0.3117
pit bulls jump miniature pony leave her bloody,0.04,0.33,0.26,0,0.37,0
inconvenient truths,0.3871,0.0968,0.1613,0,0.2581,0.0968
judge preserve anna nicole s body,0,0.1311,0,0,0.4426,0.4262
best of the chicago auto show,0,0,0,0.7843,0,0.2157
schuey sees ferrari unveil new car,0,0,0,0.5974,0,0.4026
napping may be good for your heart,0,0,0,0.593,0,0.407
charles gibson takes over first place,0,0,0,0.7288,0,0.2712
brown not buried as estate issues loom,0.069,0.1954,0,0,0.4713,0.2644
kim osorio wins sexual harrassment suit against the source,0.1455,0.1455,0,0.6545,0.0545,0
paris police investigate package at canadian embassy,0.0811,0.0541,0.5,0.1081,0.1622,0.0946
militants attack u s base in iraq,0.2342,0.057,0.5316,0,0.1646,0.0127
hamas fatah return to unity gov t talks in mecca,0.027,0,0.0541,0.5,0.0811,0.3378
heavy snow causes travel chaos and shuts schools,0.0348,0,0.3826,0.0783,0.3391,0.1652
pacers jackson misses gun hearing,0.1892,0.1351,0.3243,0.027,0.0405,0.2838
de villiers takes over dakar lead,0.0189,0,0,0.7925,0,0.1887
sleuths close in on odysseus home,0,0,0.0556,0.4259,0.037,0.4815
breast cancer awareness is important,0,0,0.7209,0,0.2791,0
google to launch yet another search tool,0,0,0,0.7778,0,0.2222
study finds gritty air raises heart disease risk in older women,0,0,0.3297,0.033,0.2527,0.3846
protesters end strike as nepal pm concedes demands,0.2424,0,0.0303,0.4848,0.0606,0.1818
u s weighs sanctions against north korea,0.3813,0.2,0.1438,0,0.275,0
we were arrogant and stupid over iraq says us diplomat,0.1707,0.122,0.1016,0.0935,0.3293,0.1829
real mallorca rock leaders sevilla,0,0,0,1,0,0
discovered boys bring shock joy,0,0,0.0263,0.4825,0,0.4912
bush declares iran s arms role in iraq is certain,0.1983,0.0248,0.438,0,0.2231,0.1157
doctors seeing patients who think they re internet addicted,0,0,0,0.2432,0.4324,0.3243
jackass star marries childhood friend the secrets people reveal,0,0,0,0.642,0,0.358
the science of love and lust,0,0.0303,0.0303,0.697,0,0.2424
depp to star in spy poisoning film,0,0,0.1351,0.473,0.1351,0.2568
fortune looking beyond the iphone,0,0,0,0.6,0,0.4
frustration rises as north korea nuclear talks stall,0.2857,0.0804,0.3571,0.0179,0.2411,0.0179
uganda parliament votes to send troops to somalia,0.0808,0.0101,0.3939,0.1616,0.2222,0.1313
man rides stationary bike for hours,0,0,0,0.1714,0,0.8286
tourist spot resists gravity but not progress,0,0,0.125,0.25,0.5313,0.0938
asia near pact on energy security,0,0,0.0652,0.7826,0,0.1522
pakistan india peace talks planned despite bombings,0.0308,0.0308,0.1846,0.4462,0.1385,0.1692
australian pm stands by obama attack,0.0196,0.1569,0.0784,0.3137,0.1373,0.2941
planned cesareans not risk free group warns,0,0,0.7011,0,0.1724,0.1264
two koreas to resume talks,0.0147,0,0.0735,0.6912,0.0588,0.1618
books on science the problems in modeling nature with its unruly natural tendencies,0,0,0.2593,0,0.2963,0.4444
a mistrial for lieut watada,0.3333,0.3333,0,0,0,0.3333
porn ring scandal reaches australia,0.2629,0.3429,0.0343,0,0.2457,0.1143
madonna s new tot happy at home in london,0,0,0,1,0,0
lawmakers blast fda drug safety oversight,0.2844,0.0826,0.1376,0.1284,0.2385,0.1284
bill thanks for the rsa memories and laughs,0,0,0,0.8462,0.0769,0.0769
japanese whaling ship won t accept help,0.1034,0.3103,0.1207,0,0.2069,0.2586
french suburb riots could resume,0.0769,0,0.641,0,0.2821,0