textid,Words,label
0,But asked if he knew the disease could be transmitted via sex as well as mosquitoes Mr Espinal was taken aback,1
1,If a deal proves impossible Johanns said the worlds poorest countries will lose out  unable perhaps to negotiate a score of bilateral trade deals on their own  and the world could backslide toward protectionism,1
2,If he refuses to share them Judge Kavanaugh must agree that if he is confirmed he will recuse himself from any decisions concerning the special counsel investigation and the related exercise of presidential powers  or his confirmation must be delayed until after the investigations are resolved,1
3,More assets sales will follow from next business year if needed to bolster cash flow,1
4,Minutes later the Manhattan district attorney filed a raft of state criminal charges including mortgage fraud that could ensure that Mr Manafort remains behind bars even if the president decides  as he has appeared to hint  to pardon Mr Manafort for his crimes,1
5,Politifacts Truthometer probably would have given this claim a passing score had it been part of a speech by the Pharaoh Djoser of the Third Dynasty of Egypt in 2650BC or so,1
6,If a deal is reached the Trump administration would send a letter to Congress giving 90 days notice of its intent to sign a deal and text of a deal must be published 30 days after that,1
7,But I also say  there can be no new Greece program if agreement is not reached with the Troika The French and German leaders also discussed measures to improve harmonization of corporate tax rates and bases ahead of presenting these proposals to their euro zone partners as part of a program to improve fiscal convergence in the bloc,1
8,Until one night I found an I wish my teacher knew note from students and posted it to my brand new Twitter account,1
9,If Portugal is forced to take a bailout then theyll turn their attention to Spain and I dont know what the government will do said Edro Schwartz economist at San Pablo University in Madrid,1
10,If the lungs are affected Wegeners may cause shortness of breath coughing or bleeding in the lungs,1
11,Your final sentence suggests that you think that the likelihood that your half sisters descendants will be gay is higher if the ancestor they share with you was gay,1
12,He warned that any delays would have their biggest impact in the county of Kent because EU border checks are currently carried out on the Folkestone side where there is very little space,1
13,These choices Dr Schwarz says must be made well in advance especially if they wish to avoid prolonged dying that causes undue suffering for themselves and their loved ones,1
14,If such a devaluation was to occur this would push inflation higher still and necessitate aggressive rate rises he suggests,0
15,If the call isnt met the firm will sell stock to cover the shortfall Van Praag denied that Goldman was extending loans to executives,1
16,There is no debate that it would be better for Canada if the Trans Mountain pipeline controversy had never gotten to this stage,1
17,The section 7 Tests you are not having that could save your life states If you have not had these cutting edge screenings put this magazine down and call your doctor,1
18,You might have been a model tenant in your own renting days but many renters dont or cant make payments on time,1
19,Slavitt may have given a lot of doctors and health IT mavens a premature bout of hope when he said meaningful use would be replaced with something better That said the members of Congress who wrote the law repealing the Sustainable Growth Rate last year will make sure CMS implements it in a way that gets rid of meaningful uses excesses Horne said,0
20,He is seen as one of the most talented German politicians of his generation and may have become chancellor himself had he not become ensnared in a funding scandal that damaged his Christian Democrats and former mentor Helmut Kohl a decade ago,1
21,Omron may not have had a connected fitness offering before but the company has had an app Omron Wellness since June 2014,1
22,They may also help prevent venous ulcers and can prevent the development of blood clots in the leg  especially if used after surgery or when you may be inactive for a while,0
23,If it continued to fail to cooperate Rome could face even stricter penalties under EU rules,1
24,The White House and Mr McConnell will now have more running room to get young and outspoken conservatives through even if a few Republicans break ranks and they can consolidate the new conservative majority on the Supreme Court if a justice leaves during the next two years,1
25,If gallstones have moved into the bile duct a flexible viewing tube endoscope can be passed through your mouth and into your small intestine,1
26,Its exciting because it appears that we can deliver toxic agents where we want them and nowhere else and this concept may have applicability to other drugs other than chemotherapeutic agents but in different circumstances where it did not appear so it would be a major disappointment,1
27,If this does not happen we will terminate our relationship with these clients in the course of the year The bank had no knowledge that confidential data had been misappropriated from the bank he added,1
28,You cannot expect compassionate surgeons if you make surgery residents feel trapped fatigued and ashamed for shit that feels out of their control that theres nobility in operating on someone with only 23 hours of sleep etc ,1
29,Asked if he would be willing to make concessions on premiums to win state approval for the Humana deal Bertolini said Well deal with that as we go through that process,1
30,To find out if you may benefit from surgery talk to your doctor about having an MRI or ultrasound image taken of your shoulder if you have not done so already,1
31,The case could have major implications for the underwriting business and lead to increased scrutiny from regulators worldwide,1
32,If the court rules that New Yorks rule does not serve even minimally rational purposesa point pressed by the petitionersit may not need to create a more demanding apparatus to evaluate other regulations and the decision may have only limited implications outside the Big Apple,0
33,If Saudi Arabia cannot show that Jamal is safe and sound NATO countries should jointly expel Saudi ambassadors and suspend weapons sales,0
34,If your identification or voter registration is still challenged Ms Senecal said you should ask for a provisional ballot which means your vote is contingent on verification of your eligibility,1
35,That said if the pace of economic activity eases such that they can reasonably forecast slower job growth while inflation remains contained they will likely shift toward an even more gradual and uneven policy path,1
36,It leads me to suspect that it would be better if America were twelve separate countries or had 200 states,1
37,If digital loot boxes are considered a form of gambling and might have effects worth protecting children from then their physical counterparts likely pose the same risks,1
38,While they may not face fines or imprisonment asset owners will take a hit if a company in their portfolio is found in breach of laws and either faces significant disruption to the supply chain or has to pay a large fine that would reduce its profits,1
39,He does not accept that the Republicans will win the Senate but if they do he predicts that they will overreach and create a huge public backlash,1
40,If you are Donald Trump what youre hoping for is a Democratic candidate who will either be so far left that they cannot appeal to the middle or a candidate who has tied themselves into an ideological pretzel and who you can just ridicule as inauthentic,1
41,A defender of the president Ivo Daalder American ambassador to NATO from 200913 suggests that if NATO allies suffered provocations short of an invasion eg Russian passports being distributed to Russianspeakers challenges to Baltic frontiers more troops ships and warplanes would be deployed making Americas commitment to collective security evermore visible,1
42,But they would not get serious about cleaning up their platforms provided that the majority of consumers had not demanded it she told the graduates,1
43,But if it happened there would be a 25 percent tumble in the value of sterling  taking it close to parity against the dollar  a spike in inflation to 65 percent from around 24 percent now and a jump in interest rates,1
44,But if you think about it Mike if we kept the oil you probably wouldnt have ISIS because thats where they made their money in the first place,1
45,How Mr Trump could have used the information about Ms Mengs arrest in his meeting with Mr Xi had he known about it is unclear,0
46,Even if your contributions arent matched either because your employer is stingy or youve maxed out the benefit spurning an IRA for your work plan might still be worth considering,1
47,Fish cooked on a stove could have sent steam and proteins into the air causing an allergic reaction that would have set off Camerons asthma Dr Wood said,1
48,If you have rosacea you may have been advised to avoid coffee,0
49,If the investment gap will to some extent close automatically as the gender professionalpay gap closes then the industry might be better focusing on getting rid of the latter than the former,1
50,In addition patients who have leg pain and peripheral arterial disease frequently have silent heart disease so the patient and primary care doctor should evaluate and if the condition is significant if the pain is something that interferes with the quality of life then they should consult with a vascular surgeon says Dr Gloviczki the Joe M,1
51,First of all if ALIS can be hacked the enemy could defeat the plane,1
52,If Chuck Schumer is majority leader and Dianne Feinstein is chairman of the Judiciary Committee said Mr Reed of the Faith and Freedom Coalition it will be open season on any Trump nominee to the federal bench at any level of the judiciary,0
53,If we are dealing with brains and we know patient symptoms there is a chance we could propose some categories so the next clinical trial might be used on different patients expressing different patterns,1
54,Last week Mattel recalled millions of toys including 436000 diecast toy cars from its Cars line because they may have contained excessive amounts of lead which can cause brain damage in children,1
55,The general rule would be that if the arrangement substantially limits competition in some aspect of their business that would be problematic said Aaron Edlin who teaches antitrust law at the University of California at Berkeley,0
56,It would have been helpful to see if the survey results jived with reality ie do kids raised by single parents fare as well economically socially etc as those raised by a married couple,0
57,NARAL ProChoice America the abortion rights lobby jumped on the release immediately Brett Kavanaughs emails are rock solid evidence that he has been hiding his true beliefs and if he is given a lifetime seat on the Supreme Court he will gut Roe v Wade criminalize abortion and punish women,1
58,If Mr Picard would comply with the law we wouldnt have these disputes she said in an interview,0
59,We wish them a happy 66th anniversary and allbut the product of their hot passionate night fogging up the Studebaker windows to produce George II darn near destroyed America,0
60,This will happen only if Turkeys education system is overhauled,1
61,But a cadre of visionaries including the two party animals in charge of Dr DeVita were accumulating persuasive evidence that if the drugs were combined in high doses they might be unimaginably effective,1
62,Her wish this year is for the Every Child Deserves a 5thBDay campaign to be featured in Playbook,0
63,The NYSE was testing mainly for two things To see if its systems could handle the amount of message traffic that might be generated by the IPO and to make sure that once the IPO took place any firms that placed orders would promptly receive the reports telling them that their orders had been executed,1
64,Even if Mr Sarkozy were to move Ms Dati say he would probably have to offer her another job,1
65,Though if the Republicans have just wrecked Obamacarethe proudest achievement of a president revered by Democratsthat support might not be forthcoming,1
66,There are two main types of the disease cutaneous which causes skin ulcers and visceral which affects the organs especially the spleen and liver and can be fatal if not treated,1
67,Ill just take a look around in there and I can tell pretty quickly if its just not a place thats going to fit me Mr Tomlinson said,1
68,In broad terms the proposed terms of the deal to swap GM debt for equity in a recapitalized automaker would penalize any investors who hold out if a set percentage of other debtholders were to tender to join the deal,1
69,Mr Trump should have released his longshrouded tax returns along the way,1
70,That might be true if Romney had actually run a company that built products and created jobs but Romney was an investment banker,1
71,When CEO Brian Krzanich said that the chipmaker might have gone overboard with its 10nm chip development targets investors were unsettled as the company has now officially lost its manufacturing lead in the chip industry,1
72,The father of Seychelles offshore industry had in fact been a financial criminal before he found a home in the islands  and may have been connected to the Italian Mafia one US,0
73,If Republicans succeed in gutting the law they would need Democratic help to find a replacement because the Republicans narrow Senate majority would surely face a filibuster of a partisan health bill,1
74,The states fisheries department keeps extensive historical records of average shrimp weightsit uses the figures to set the opening date of the shrimping seasonand the researchers reckon that if this years shrimp turn out to be especially tiny that might suggest that they had been exposed to oil after the explosion on a drilling rig in the Gulf of Mexico on April 20th which created the worst oil spill in Americas history,1
75,The Detroit makers were interested in getting the limit raised because they suspect that at some point their exports will rise to the level where this 25000 limit could have become an obstacle he said adding that US,1
76,But for many people with eating disorders family members can remain stubborn triggers Dr Rago said especially if competing with this person was a factor in the eating disorder developing in the first place,1
77,They were going to give up the CEO post John Legere would have that but they still wanted more management than what they were bringing to the table in terms of valuation offered,1
78,We go to DC with the Democrats we have not the ones we wish we had,1
79,It was Mr Kudlow who told the president on Tuesday that he might want to consider publicly praising Mr Xis speech after days of aggressive rhetoric against China that included a threat of an additional 100 billion in tariffs on top of the 50 billion already threatened if China failed to change its trade practices,1
80,One could make the argument that if an Indie candidate were to break through this would be the year for them to do so,1
81,But if Mr McCain can persuade at least one additional Republican to oppose Ms Haspel the nominee could be doomed,1
82,If the testing is successful the missile could be deployed in about 18 months and would have a range of about 1000 kilometers 621 miles,1
83,If David Brooks were right in saying that Americans dont long for their leaders to be saints my book and its distinctive test would be unnecessary,1
84,Should one or more of these risks materialize or should underlying beliefs or assumptions prove incorrect Meridian Bancorp Incs actual results could differ materially from those discussed,1
85,Being overly demanding or distrusting with our coworkers is not adaptive or strategic but it may have been when we were growing up in a family that was often negligent and untrustworthy,1
86,Not finished yet he has vowed to scrap the IntermediateRange Nuclear Forces Treaty with Russia signed by Ronald Reagan threatened to sanction the International Criminal Court if it investigates American troops and has even announced that he will pull out of a 144yearold postal treaty,1
87,So conservatives be careful what you wish for Miller wrote,1
88,Scailex  SCIXTA  which owns 801 percent of PCH said the government would have another 60 days to decide on the deal following receipt of all the information regarding Linora but the acquiring companies have protested saying the delay could hurt Oil Refineries,1
89,Some of these people may have quickly found themselves new jobsbut clearly the overall employment report was pretty strong WEAK DOLLAR NOT INFLATIONARY The dollar has slipped to fresh record lows against the euro since the rate cut but Poole said that this should not lead to heightened inflation pressures in the United States,1
90,The amendments would need 60 votes to be adopted but even if they fail the Democratcontrolled Senate could kill the original House measure with a majority vote,0
91,He maintains that he shouldnt have had his security clearance taken away Mr Giuliani said,1
92,clearinghouse for stock options said banks might urge the TSE to close down operations if they were understaffed,1
93,That payment was never made Mr Giuliani said adding that Mr Trump had told Mr Cohen that if he were to make a payment related to Ms McDougal to write a check rather than send cash so it could be properly documented,0
94,The key theme for policy even if not stated explicitly will be flexibility said Nicholas Consonery at Eurasia,1
95,If you get out there walk briskly jog whatever you like to do for say 150 minutes a week  30 minutes five time 50 minutes three times  that might in fact slow down the rate at which you would progress Dr Petersen says,1
96,University presidents say Well if only we had a better student coming out of high school we wouldnt have these issues Jones said,1
97,Even without the development of liver cancer however if hepatitis C is left untreated liver damage may progress to the point that it causes loss of liver function,1
98,Even if Geithner is not asked to take the job the president will likely seek his advice about the Fed selection given that he has few people in his inner circle with Geithners financial savvy,1
99,BHP might have difficulty increasing its offer much further since the sweetened offer already gives Rio shareholders 44 percent of a merged firm and raising cash would be difficult amid a global credit crisis Chillingworth added,1
